{"PatchOpsPerSec":0,"Add10MBTime":0.23459157020000002,"Add10MBStdev":0.03707814523620726,"DirAddOpsPerSec":0,"DirAddOpsStdev":0,"Cat1MBTime":15.3019408,"Cat1MBStdev":3.9775222434949495,"MkGraphTime":0,"TravGraphTime":0,"TravGraphStdev":0}
